ChildID,ParentID,name,birth,mealSubscription
5001,2029,Wes Meineking,2014-10-09,1
5002,2014,Vivi Dayce,2015-07-03,0
5003,2003,Cassius Hamblen,2015-01-31,1
5004,2030,Noe Askham,2016-03-01,1
5005,2006,Faun Fenlon,2012-09-28,1
5006,2015,Conrad Hasnney,2011-06-24,1
5007,2008,Jacinthe Roberto,2014-04-22,1
5008,2024,Marcella Borley,2012-10-25,0
5009,2030,Lonnie Taylor,2015-01-01,1
5010,2006,Krysta Worman,2011-11-29,0
5011,2001,Bowie Emeny,2016-03-13,1
5012,2021,Doy Mulvany,2015-12-21,1
5013,2013,Evita Hayles,2014-07-23,1
5014,2016,Aurilia Couvert,2012-07-26,0
5015,2006,Gayleen O' Faherty,2013-03-29,0
5016,2003,Evey Samuel,2015-06-24,1
5017,2009,Meta Kubanek,2013-10-07,1
5018,2028,Lin Pennington,2011-06-05,0
5019,2020,Vincenz Aguirre,2012-01-15,1
5020,2005,Kleon d' Elboux,2012-04-21,1
5021,2013,Rosita Maletratt,2011-11-12,0
5022,2013,Dalton Zannetti,2012-05-16,1
5023,2016,Dotti Vigurs,2010-12-03,0
5024,2018,Sonnie Knath,2014-03-12,0
5025,2019,Callie Cauderlie,2016-03-17,1
5026,2017,Drugi Mackiewicz,2013-01-08,1
5027,2001,Ali Shiel,2013-05-30,1
5028,2005,Hilliard Shrieve,2012-07-13,1
5029,2022,Giuditta Horribine,2014-02-13,1
5030,2014,Henrieta Stonhewer,2016-02-27,1
5031,2005,Guntar Plues,2016-09-24,0
5032,2024,Ariadne Semark,2016-05-16,1
5033,2011,Reynolds Rossey,2015-03-21,1
5034,2009,Skyler Graeber,2014-02-26,1
5035,2018,Tomas Jacqueminot,2016-07-10,0
5036,2008,Scotty Biernacki,2016-08-28,1
5037,2010,Stevana Folk,2016-09-12,1
5038,2006,Elke Hounsham,2011-08-18,0
5039,2012,Darnell Voaden,2012-11-20,1
5040,2006,Cordy MacRinn,2014-08-23,1
